{
  "train_loss": [
    2.2211095973065027,
    2.061861090492784,
    2.0407354810781646,
    1.995041336929589,
    1.9750272035598755,
    1.9553638320220144,
    1.9438844019906563,
    1.9211141393895734,
    1.9042461817724663,
    1.8815868109987492,
    1.8754018796117682,
    1.8690728241937202,
    1.855060008534214,
    1.8432689277749312,
    1.8282161532786854,
    1.8151004209853054,
    1.8041451123722814,
    1.8035066525141399,
    1.7958219406897562,
    1.7892019978740759,
    1.7819891436058177,
    1.7651589774248893,
    1.759223745580305,
    1.768446734077052,
    1.7462333629005833,
    1.742902308179621,
    1.725523919389959,
    1.7401419752522518,
    1.7316372750098246,
    1.7310937412998133,
    1.7083071700313635,
    1.7108099356032254,
    1.7080884607214677,
    1.6920711701376396,
    1.6989961778908445,
    1.6910246966177958,
    1.6995036769331546,
    1.6930440183271442,
    1.6950459626683019,
    1.6703439469923054,
    1.6695038080215454,
    1.6627615711145234,
    1.671928840771056,
    1.6689911202380532,
    1.6610923461746752,
    1.6699421238480954,
    1.6469168893077917,
    1.6601115360594632,
    1.6461848020553589,
    1.6496657823261462,
    1.6391807146239699,
    1.643849295482301,
    1.6429325948681748,
    1.6453399720944857,
    1.6300814841922961,
    1.6409539423490827,
    1.6450775025183695,
    1.6186412844741553,
    1.620958641955727,
    1.6250040091966327,
    1.6237155868296038,
    1.6300617017244037,
    1.6178174227998967,
    1.6175238772442466,
    1.623090580890053,
    1.6273369287189685,
    1.6179163560532688,
    1.6146294505972612,
    1.6193134240936815,
    1.6225535660459285,
    1.6036663180903385,
    1.6247172355651855,
    1.6003239803146898,
    1.6146012042698108,
    1.6196565565310026,
    1.6036326278719986,
    1.608237994344611,
    1.603824454441405,
    1.6023754027851842,
    1.5987434659087867,
    1.600311977821484,
    1.6085775651429828,
    1.6115510651939793,
    1.6052439401024265,
    1.603508606291654,
    1.5934116024720042,
    1.605146050453186,
    1.6010232954694514,
    1.5900927635661342,
    1.6022612149255318,
    1.6065037564227456,
    1.6093321390319288,
    1.6085451381248341,
    1.591696494504025,
    1.6027141976774784,
    1.5955303196321453,
    1.6059236651972721,
    1.6021695074282194,
    1.6127699571743346,
    1.6012561885934127
  ],
  "val_loss": [
    2.114392097179706,
    2.0643181067246656,
    2.030997257966262,
    2.0044791056559634,
    1.9825835227966309,
    1.9667030572891235,
    1.9489916838132417,
    1.9309305869615996,
    1.9161929442332342,
    1.9063569123928363,
    1.8987140197020311,
    1.8801106673020582,
    1.8675406712752123,
    1.8637726031816924,
    1.8553897784306452,
    1.8463075619477491,
    1.8350604955966656,
    1.828768776013301,
    1.8269431591033936,
    1.814405661362868,
    1.813082924255958,
    1.8086527219185462,
    1.802209313099201,
    1.8033219575881958,
    1.7968955223376935,
    1.7865807643303504,
    1.783222537774306,
    1.7766386912419245,
    1.7742198613973765,
    1.774066374852107,
    1.7670356126931996,
    1.757020143362192,
    1.7576242135121272,
    1.7531848687392015,
    1.7546220100842989,
    1.7494449065281794,
    1.743820960705097,
    1.745611465894259,
    1.7407268835948064,
    1.7361144469334528,
    1.7368411926122813,
    1.7358427964724028,
    1.7328942463948176,
    1.735238763002249,
    1.727940165079557,
    1.7280795849286592,
    1.7274674360568707,
    1.724006093465365,
    1.7229991784462562,
    1.719507254087008,
    1.7219584996883686,
    1.7235711446175208,
    1.7178574433693519,
    1.7209281737987812,
    1.7166348970853365,
    1.7131243210572462,
    1.71168013719412,
    1.710741061430711,
    1.7091838488212,
    1.7088943077967718,
    1.707391592172476,
    1.7074589545910175,
    1.7086243721155019,
    1.7074151039123535,
    1.705321137721722,
    1.7049814554361196,
    1.7058098774689894,
    1.7035064605566173,
    1.7037224219395564,
    1.7030841295535748,
    1.7050806100551898,
    1.7022934876955473,
    1.7001492426945612,
    1.7015686126855702,
    1.702588209739098,
    1.7018318818165705,
    1.7010903633557832,
    1.7002222721393292,
    1.6999837435208833,
    1.699719208937425,
    1.6998439385340764,
    1.6990250165645893,
    1.6987341734079213,
    1.6983333367567797,
    1.6980701318153968,
    1.6979369566990778,
    1.6978451747160692,
    1.6976593824533315,
    1.6970446843367357,
    1.6972240209579468,
    1.697419258264395,
    1.6972854504218469,
    1.6972781603152935,
    1.6972581790043757,
    1.697217611166147,
    1.6972044798044057,
    1.6972046632033129,
    1.6971785105191743,
    1.6971787856175349,
    1.6971781528913057
  ],
  "val_acc": [
    0.28,
    0.28,
    0.325,
    0.33,
    0.32,
    0.33,
    0.34,
    0.345,
    0.35,
    0.355,
    0.37,
    0.37,
    0.37,
    0.375,
    0.39,
    0.39,
    0.415,
    0.435,
    0.41,
    0.415,
    0.43,
    0.43,
    0.43,
    0.43,
    0.445,
    0.445,
    0.445,
    0.445,
    0.44,
    0.45,
    0.465,
    0.46,
    0.465,
    0.455,
    0.47,
    0.47,
    0.47,
    0.47,
    0.465,
    0.48,
    0.48,
    0.48,
    0.475,
    0.485,
    0.475,
    0.48,
    0.475,
    0.48,
    0.485,
    0.49,
    0.49,
    0.495,
    0.49,
    0.495,
    0.49,
    0.49,
    0.495,
    0.495,
    0.5,
    0.495,
    0.495,
    0.495,
    0.49,
    0.5,
    0.5,
    0.5,
    0.5,
    0.5,
    0.505,
    0.505,
    0.485,
    0.49,
    0.5,
    0.5,
    0.495,
    0.49,
    0.5,
    0.5,
    0.505,
    0.505,
    0.505,
    0.495,
    0.505,
    0.505,
    0.505,
    0.505,
    0.5,
    0.495,
    0.495,
    0.495,
    0.495,
    0.495,
    0.495,
    0.5,
    0.495,
    0.495,
    0.495,
    0.495,
    0.495,
    0.495
  ]
}