{
  "train_loss": [
    2.2359136008379754,
    2.0511358495344196,
    2.0208780096288312,
    1.967709545503583,
    1.9344922366895174,
    1.9056944010550516,
    1.8893730410358363,
    1.8600117637400042,
    1.8417961409217434,
    1.8121551254339385,
    1.8003939703891152,
    1.7910308545095879,
    1.766218285811575,
    1.752041733055784,
    1.7452608786131207,
    1.7185514830706412,
    1.7031003194942809,
    1.6967134873072307,
    1.6936732969785993,
    1.6890606796532346,
    1.6778211656369661,
    1.6542907723209315,
    1.6505181454775626,
    1.6547234706711351,
    1.6290553118053235,
    1.6209731039248014,
    1.610998139046786,
    1.6115913642080206,
    1.6083537507475467,
    1.6068794601841976,
    1.5800962050755818,
    1.5988664187883075,
    1.5864004377733196,
    1.5705044164992215,
    1.5637802345710887,
    1.5554439582322772,
    1.5496468042072498,
    1.5600018752248663,
    1.558428628402844,
    1.5334626708114356,
    1.5336734244697972,
    1.522644174726386,
    1.5314808874799495,
    1.5237701712993152,
    1.5123621120787503,
    1.5214046428078098,
    1.507850172226889,
    1.5114105918951202,
    1.5051212687241404,
    1.5168397405691314,
    1.4945062670791358,
    1.5064171259863335,
    1.501038630803426,
    1.5089890956878662,
    1.4853180165876423,
    1.4948128942857708,
    1.4957678046142846,
    1.4731820800848174,
    1.470780240861993,
    1.4724866130895782,
    1.4727400645875095,
    1.4775994555991994,
    1.472061644520676,
    1.4648609642396893,
    1.4724277278833222,
    1.4703097238875271,
    1.4587442122007672,
    1.4619333597651698,
    1.4661994565997207,
    1.4840621153513591,
    1.4516463614346689,
    1.4622664953532971,
    1.455786146615681,
    1.4606987698036327,
    1.462762426911739,
    1.4454495509465535,
    1.4585624807759334,
    1.452302750788237,
    1.4594393592131765,
    1.4467252848441141,
    1.4557581679862843,
    1.4556879913597776,
    1.4658189781925135,
    1.4527895680645055,
    1.4488778511683147,
    1.4398177945823,
    1.4558732384129573,
    1.4619147986696477,
    1.4495246514939426,
    1.4579872290293376,
    1.4687328129483943,
    1.4461222175966228,
    1.442768368804664,
    1.4630679561380755,
    1.4506457123840064,
    1.436765143745824,
    1.4428151699534633,
    1.448950301136887,
    1.4495661467836614,
    1.4557818613554303
  ],
  "val_loss": [
    2.1028366455665,
    2.0410344784076395,
    2.0048362750273485,
    1.9745350892727191,
    1.9446780956708467,
    1.9243834293805635,
    1.9077619130794818,
    1.8842021685380201,
    1.864489225240854,
    1.850367179283729,
    1.8444041472214918,
    1.8239796345050519,
    1.8091962795991163,
    1.8045126383121197,
    1.7943396109801073,
    1.7836235119746282,
    1.774601936340332,
    1.7683855478580182,
    1.7577777183972871,
    1.7471707600813646,
    1.7452413577299852,
    1.7393031853895922,
    1.7323700556388268,
    1.7276061131403997,
    1.7267735371222863,
    1.717169532409081,
    1.7112396955490112,
    1.7066598947231586,
    1.7027001289220958,
    1.6995565707866962,
    1.6956920623779297,
    1.6901177167892456,
    1.6860945866658137,
    1.6825011326716497,
    1.6835849927021906,
    1.6788221597671509,
    1.6768420201081495,
    1.6789642664102407,
    1.6668945092421312,
    1.6702573941304133,
    1.6701531501916738,
    1.6687183930323675,
    1.6602051991682787,
    1.6605206177784846,
    1.6543029271639311,
    1.6565731213643,
    1.6534429146693304,
    1.6556477730090802,
    1.653575869706961,
    1.6490381681002104,
    1.6497540840735803,
    1.6493456088579619,
    1.6442455695225642,
    1.6466868840731108,
    1.6453904738793006,
    1.644475249143747,
    1.6418588161468506,
    1.6399172727878277,
    1.6385863652596107,
    1.6353188019532423,
    1.633157262435326,
    1.6355537726328924,
    1.634325311734126,
    1.6347343096366296,
    1.6301885201380804,
    1.6296051832345815,
    1.6306646787203276,
    1.6278530175869281,
    1.6285887223023634,
    1.6288889646530151,
    1.630244255065918,
    1.628971008154062,
    1.626131222798274,
    1.6248189027492816,
    1.6247432231903076,
    1.625112616098844,
    1.6240883423731878,
    1.6235240422762358,
    1.623000750174889,
    1.6244813662308912,
    1.6244525359227107,
    1.6248431480847871,
    1.6241300931343665,
    1.6234156810320342,
    1.623381990652818,
    1.6230499836114736,
    1.6227580950810359,
    1.6225565305122962,
    1.6223161954146166,
    1.6221286608622625,
    1.6221049657234778,
    1.6220703125,
    1.6221281473453228,
    1.6220070673869207,
    1.621982684502235,
    1.621998933645395,
    1.6219810155721812,
    1.6219634276169996,
    1.621967260654156,
    1.6219665820782
  ],
  "val_acc": [
    0.37,
    0.345,
    0.38,
    0.43,
    0.435,
    0.46,
    0.435,
    0.46,
    0.465,
    0.48,
    0.455,
    0.48,
    0.47,
    0.485,
    0.485,
    0.495,
    0.475,
    0.47,
    0.48,
    0.48,
    0.48,
    0.485,
    0.49,
    0.495,
    0.5,
    0.5,
    0.495,
    0.51,
    0.515,
    0.515,
    0.525,
    0.535,
    0.545,
    0.53,
    0.525,
    0.525,
    0.52,
    0.51,
    0.535,
    0.54,
    0.53,
    0.525,
    0.555,
    0.54,
    0.54,
    0.54,
    0.54,
    0.53,
    0.54,
    0.54,
    0.54,
    0.55,
    0.55,
    0.55,
    0.55,
    0.55,
    0.55,
    0.555,
    0.545,
    0.54,
    0.55,
    0.555,
    0.55,
    0.55,
    0.545,
    0.55,
    0.545,
    0.55,
    0.55,
    0.555,
    0.555,
    0.555,
    0.555,
    0.555,
    0.555,
    0.555,
    0.555,
    0.555,
    0.555,
    0.555,
    0.555,
    0.555,
    0.555,
    0.555,
    0.555,
    0.555,
    0.555,
    0.555,
    0.555,
    0.555,
    0.555,
    0.555,
    0.555,
    0.555,
    0.555,
    0.555,
    0.555,
    0.555,
    0.555,
    0.555
  ]
}